Image_ID,Sintering_Temp_C,Condition,Immersion_Days,Image_Path,Surface_Morphology
SEM_700C_00D,700,As-Sintered,0,data/sem_images/700C/700C_0day_as_sintered.png,"Unconsolidated porous precursor matrix with predominant amorphous phase"
SEM_700C_21D,700,SBF-Immersed,21,data/sem_images/700C/700C_21day_SBF.png,"Severe micro-fissuring and structural fragmentation with disordered apatite clusters"
SEM_800C_00D,800,As-Sintered,0,data/sem_images/800C/800C_0day_as_sintered.png,"Partially consolidated matrix showing early-stage grain boundary formation"
SEM_800C_21D,800,SBF-Immersed,21,data/sem_images/800C/800C_21day_SBF.png,"Moderate localized degradation with scattered globular apatite precipitates"
SEM_900C_00D,900,As-Sintered,0,data/sem_images/900C/900C_0day_as_sintered.png,"Moderately dense crystalline matrix with reduced intergranular porosity"
SEM_900C_21D,900,SBF-Immersed,21,data/sem_images/900C/900C_21day_SBF.png,"Uniform apatite precipitation layer with minimal localized substrate degradation"
SEM_1000C_00D,1000,As-Sintered,0,data/sem_images/1000C/1000C_0day_as_sintered.png,"High-density consolidated microstructure exhibiting minimal residual pore fraction"
SEM_1000C_21D,1000,SBF-Immersed,21,data/sem_images/1000C/1000C_21day_SBF.png,"Interconnected dense fluorapatite mineral barrier across the sample surface"
SEM_1100C_00D,1100,As-Sintered,0,data/sem_images/1100C/1100C_0day_as_sintered.png,"Highly crystalline core structure dominated by wollastonite and whitlockite phases"
SEM_1100C_21D,1100,SBF-Immersed,21,data/sem_images/1100C/1100C_21day_SBF.png,"Compact and uniform needle-like fluorapatite protective mineral layer"
